timestamp,unit_id,unit_type,empire_or_resistance,location_x,location_y,destination_x,destination_y,homeworld
2023-10-10 09:54:43,1,at-st,empire,2,2,9,1,Dagobah
2023-10-10 09:54:42,2,unknown,resistance,4,6,8,9,Iktotch
2023-10-10 09:54:41,3,x-wing,empire,2,1,2,5,Cerea
2023-10-10 09:54:40,4,unknown,resistance,6,2,7,8,Haruun Kal
2023-10-10 09:54:39,5,x-wing,empire,4,3,2,3,Haruun Kal
2023-10-10 09:54:38,6,tie_silencer,resistance,5,10,9,8,Rodia
2023-10-10 09:54:37,7,at-st,resistance,8,1,7,10,Mirial
2023-10-10 09:54:36,8,resistance_soldier,empire,10,4,4,3,Sullust
2023-10-10 09:54:35,9,resistance_soldier,resistance,6,4,1,10,Tholoth
2023-10-10 09:54:34,10,at-st,resistance,1,4,5,7,Mon Cala
2023-10-10 09:54:33,11,x-wing,empire,8,10,6,10,Trandosha
2023-10-10 09:54:32,12,stormtrooper,resistance,1,1,4,3,Kashyyyk
2023-10-10 09:54:31,13,at-st,resistance,9,1,1,10,Dagobah
2023-10-10 09:54:30,14,stormtrooper,resistance,3,2,9,9,Serenno
2023-10-10 09:54:29,15,at-at,resistance,3,5,8,1,Sullust
2023-10-10 09:54:28,16,tie_fighter,empire,10,4,6,3,Corellia
2023-10-10 09:54:27,17,at-st,resistance,1,9,6,5,Socorro
2023-10-10 09:54:26,18,tie_silencer,resistance,2,3,7,7,Sullust
2023-10-10 09:54:25,19,tie_silencer,empire,3,10,6,6,Champala
2023-10-10 09:54:24,20,resistance_soldier,resistance,10,3,3,9,Iridonia
2023-10-10 09:54:23,21,resistance_soldier,resistance,6,3,6,9,Muunilinst
2023-10-10 09:54:22,22,at-at,empire,2,7,7,2,Tatooine
2023-10-10 09:54:21,23,tie_silencer,empire,2,8,5,3,Rodia
2023-10-10 09:54:20,24,tie_silencer,empire,6,9,1,6,Tatooine
2023-10-10 09:54:19,25,resistance_soldier,resistance,1,8,8,2,Vulpter
2023-10-10 09:54:18,26,unknown,empire,8,6,5,5,Troiken
2023-10-10 09:54:17,27,unknown,resistance,9,7,8,8,Serenno
2023-10-10 09:54:16,28,resistance_soldier,resistance,2,4,7,8,Zolan
2023-10-10 09:54:15,29,stormtrooper,resistance,1,6,8,9,Muunilinst
2023-10-10 09:54:14,30,at-at,empire,10,4,5,3,Dorin
2023-10-10 09:54:13,31,unknown,resistance,1,9,7,5,Umbara
2023-10-10 09:54:12,32,at-at,resistance,7,3,2,8,Toydaria
2023-10-10 09:54:11,33,tie_fighter,resistance,5,9,5,6,Rodia
2023-10-10 09:54:10,34,tie_fighter,empire,5,1,6,5,Champala
2023-10-10 09:54:09,35,tie_fighter,empire,4,10,3,5,Dagobah
2023-10-10 09:54:08,36,at-at,empire,5,6,5,7,Umbara
2023-10-10 09:54:07,37,resistance_soldier,empire,8,3,7,4,Ryloth
2023-10-10 09:54:06,38,stormtrooper,resistance,4,8,10,2,Shili
2023-10-10 09:54:05,39,at-st,resistance,7,6,9,4,Serenno
2023-10-10 09:54:04,40,tie_silencer,resistance,10,6,8,10,Corellia
2023-10-10 09:54:03,41,tie_fighter,empire,7,3,2,3,Vulpter
2023-10-10 09:54:02,42,unknown,resistance,1,3,10,7,Malastare
2023-10-10 09:54:01,43,at-at,resistance,3,4,5,3,Kashyyyk
2023-10-10 09:54:00,44,unknown,empire,6,2,4,1,Eriadu
2023-10-10 09:53:59,45,stormtrooper,resistance,10,7,6,5,Chandrila
2023-10-10 09:53:58,46,tie_fighter,empire,7,9,2,10,Muunilinst
2023-10-10 09:53:57,47,stormtrooper,resistance,6,3,8,3,Iridonia
2023-10-10 09:53:56,48,tie_fighter,empire,4,2,5,9,Muunilinst
2023-10-10 09:53:55,49,at-st,empire,8,1,7,7,Skako
2023-10-10 09:53:54,50,tie_fighter,resistance,8,5,9,10,Chandrila
2023-10-10 09:53:53,51,tie_fighter,empire,4,6,4,4,Glee Anselm
2023-10-10 09:53:52,52,x-wing,resistance,1,7,7,8,Mirial
2023-10-10 09:53:51,53,x-wing,empire,10,10,4,10,Sullust
2023-10-10 09:53:50,54,tie_fighter,resistance,8,7,1,10,Chandrila
2023-10-10 09:53:49,55,unknown,empire,8,7,9,6,Mirial
2023-10-10 09:53:48,56,resistance_soldier,empire,10,2,9,6,Shili
2023-10-10 09:53:47,57,at-at,empire,3,1,6,8,Bestine IV
2023-10-10 09:53:46,58,at-st,empire,3,5,10,2,Mirial
2023-10-10 09:53:45,59,at-at,empire,4,7,2,4,Trandosha
2023-10-10 09:53:44,60,at-st,empire,7,4,6,4,Eriadu
2023-10-10 09:53:43,61,tie_fighter,resistance,6,8,4,5,Eriadu
2023-10-10 09:53:42,62,unknown,resistance,10,5,10,6,Alderaan
2023-10-10 09:53:41,63,stormtrooper,resistance,5,1,5,9,Kalee
2023-10-10 09:53:40,64,tie_silencer,empire,3,1,5,5,Ryloth
2023-10-10 09:53:39,65,tie_fighter,empire,9,1,5,10,Muunilinst
2023-10-10 09:53:38,66,at-at,empire,5,4,4,5,Troiken
2023-10-10 09:53:37,67,resistance_soldier,resistance,10,3,9,2,Stewjon
2023-10-10 09:53:36,68,stormtrooper,empire,4,9,3,1,Muunilinst
2023-10-10 09:53:35,69,x-wing,resistance,5,6,2,2,Tatooine
2023-10-10 09:53:34,70,at-st,resistance,5,2,10,1,Socorro
2023-10-10 09:53:33,71,at-st,resistance,7,5,8,4,Mirial
2023-10-10 09:53:32,72,stormtrooper,resistance,5,3,4,10,Shili
2023-10-10 09:53:31,73,unknown,resistance,8,4,5,6,Shili
2023-10-10 09:53:30,74,tie_fighter,resistance,8,5,8,3,Shili
2023-10-10 09:53:29,75,unknown,empire,2,4,5,1,Mirial
2023-10-10 09:53:28,76,resistance_soldier,resistance,4,3,6,10,Champala
2023-10-10 09:53:27,77,x-wing,resistance,8,9,6,5,Dathomir
2023-10-10 09:53:26,78,at-at,empire,7,10,1,4,Dagobah
2023-10-10 09:53:25,79,x-wing,resistance,8,8,5,6,Zolan
2023-10-10 09:53:24,80,resistance_soldier,resistance,6,2,3,10,Kalee
2023-10-10 09:53:23,81,resistance_soldier,resistance,2,4,8,9,Dathomir
2023-10-10 09:53:22,82,stormtrooper,resistance,1,1,3,6,Iridonia
2023-10-10 09:53:21,83,unknown,empire,8,9,1,5,Tund
2023-10-10 09:53:20,84,stormtrooper,resistance,8,6,8,9,Mon Cala
2023-10-10 09:53:19,85,at-at,resistance,5,6,7,3,Champala
2023-10-10 09:53:18,86,at-st,empire,1,8,4,10,Tatooine
2023-10-10 09:53:17,87,resistance_soldier,resistance,4,3,4,1,Naboo
2023-10-10 09:53:16,88,tie_fighter,empire,8,10,6,2,Toydaria
2023-10-10 09:53:15,89,x-wing,empire,4,5,7,4,Champala
2023-10-10 09:53:14,90,resistance_soldier,resistance,1,9,2,8,Socorro
2023-10-10 09:53:13,91,tie_fighter,resistance,4,1,3,10,Concord Dawn
2023-10-10 09:53:12,92,unknown,empire,9,3,7,5,Umbara
2023-10-10 09:53:11,93,stormtrooper,resistance,4,6,8,7,Iridonia
2023-10-10 09:53:10,94,at-st,resistance,8,1,1,8,Socorro
2023-10-10 09:53:09,95,at-at,resistance,2,7,8,3,Ryloth
2023-10-10 09:53:08,96,resistance_soldier,empire,9,8,5,7,Shili
2023-10-10 09:53:07,97,tie_silencer,empire,7,2,7,7,Troiken
2023-10-10 09:53:06,98,stormtrooper,empire,6,2,7,10,Iktotch
2023-10-10 09:53:05,99,at-st,empire,5,5,6,9,Kalee
2023-10-10 09:53:04,100,resistance_soldier,resistance,3,9,5,5,Tund
2023-10-10 09:53:03,101,at-at,resistance,9,10,4,1,Alderaan
2023-10-10 09:53:02,102,unknown,empire,7,3,3,8,Eriadu
2023-10-10 09:53:01,103,unknown,resistance,1,1,3,1,Kalee
2023-10-10 09:53:00,104,stormtrooper,resistance,7,4,10,8,Bestine IV
2023-10-10 09:52:59,105,x-wing,resistance,8,9,6,5,Socorro
2023-10-10 09:52:58,106,x-wing,resistance,2,10,5,7,Zolan
2023-10-10 09:52:57,107,tie_fighter,resistance,4,2,6,7,Iktotch
2023-10-10 09:52:56,108,at-st,empire,6,8,3,8,Chandrila
2023-10-10 09:52:55,109,resistance_soldier,resistance,4,8,8,6,Aleen Minor
2023-10-10 09:52:54,110,unknown,resistance,3,7,4,4,Kalee
2023-10-10 09:52:53,111,unknown,resistance,3,7,7,10,Kashyyyk
2023-10-10 09:52:52,112,unknown,empire,8,6,9,3,Serenno
2023-10-10 09:52:51,113,tie_silencer,empire,10,6,2,3,Bestine IV
2023-10-10 09:52:50,114,x-wing,resistance,1,3,7,6,Shili
2023-10-10 09:52:49,115,at-st,resistance,4,8,5,2,Chandrila
2023-10-10 09:52:48,116,x-wing,resistance,3,2,5,4,Kalee
2023-10-10 09:52:47,117,at-st,empire,6,8,4,2,Troiken
2023-10-10 09:52:46,118,at-st,empire,5,2,6,8,Cerea
2023-10-10 09:52:45,119,resistance_soldier,empire,7,6,6,2,Iktotch
2023-10-10 09:52:44,120,at-at,resistance,7,1,9,3,Champala
2023-10-10 09:52:43,121,unknown,empire,2,4,8,2,Dagobah
2023-10-10 09:52:42,122,resistance_soldier,empire,8,10,5,6,Troiken
2023-10-10 09:52:41,123,unknown,empire,9,4,1,5,Champala
2023-10-10 09:52:40,124,resistance_soldier,empire,5,5,7,7,Champala
2023-10-10 09:52:39,125,resistance_soldier,resistance,10,6,9,5,Alderaan
2023-10-10 09:52:38,126,tie_silencer,empire,6,3,5,4,Stewjon
2023-10-10 09:52:37,127,tie_fighter,empire,6,2,4,8,Sullust
2023-10-10 09:52:36,128,tie_silencer,empire,5,5,10,9,Haruun Kal
2023-10-10 09:52:35,129,tie_silencer,resistance,4,2,2,2,Cerea
2023-10-10 09:52:34,130,at-at,empire,3,5,3,10,Eriadu
2023-10-10 09:52:33,131,stormtrooper,resistance,10,6,9,6,Skako
2023-10-10 09:52:32,132,tie_fighter,empire,5,5,3,7,Naboo
2023-10-10 09:52:31,133,unknown,resistance,5,5,5,4,Sullust
2023-10-10 09:52:30,134,unknown,empire,7,3,9,10,Aleen Minor
2023-10-10 09:52:29,135,resistance_soldier,empire,5,9,9,8,Iridonia
2023-10-10 09:52:28,136,at-st,empire,7,9,5,6,Troiken
2023-10-10 09:52:27,137,tie_fighter,empire,9,6,10,8,Dagobah
2023-10-10 09:52:26,138,x-wing,empire,5,6,4,8,Zolan
2023-10-10 09:52:25,139,stormtrooper,empire,10,1,7,3,Dathomir
2023-10-10 09:52:24,140,unknown,empire,1,8,1,3,Shili
2023-10-10 09:52:23,141,x-wing,empire,9,8,5,8,Sullust
2023-10-10 09:52:22,142,x-wing,empire,8,5,8,1,Cerea
2023-10-10 09:52:21,143,tie_fighter,empire,7,6,9,3,Naboo
2023-10-10 09:52:20,144,stormtrooper,empire,1,8,4,6,Dorin
2023-10-10 09:52:19,145,tie_silencer,resistance,3,4,7,8,Bestine IV
2023-10-10 09:52:18,146,tie_silencer,empire,7,9,2,6,Tatooine
2023-10-10 09:52:17,147,tie_fighter,resistance,6,7,9,1,Vulpter
2023-10-10 09:52:16,148,stormtrooper,empire,4,9,5,4,Concord Dawn
2023-10-10 09:52:15,149,unknown,empire,2,10,8,2,Dagobah
2023-10-10 09:52:14,150,at-at,resistance,10,7,8,3,Shili
2023-10-10 09:52:13,151,unknown,resistance,10,2,8,5,Stewjon
2023-10-10 09:52:12,152,x-wing,resistance,7,8,7,3,Kashyyyk
2023-10-10 09:52:11,153,tie_silencer,resistance,2,4,10,1,Skako
2023-10-10 09:52:10,154,tie_silencer,empire,6,5,3,9,Corellia
2023-10-10 09:52:09,155,resistance_soldier,empire,3,8,9,7,Cerea
2023-10-10 09:52:08,156,tie_silencer,resistance,9,5,8,7,Troiken
2023-10-10 09:52:07,157,at-st,empire,7,2,7,10,Serenno
2023-10-10 09:52:06,158,at-at,empire,3,8,8,5,Mirial
2023-10-10 09:52:05,159,at-at,empire,3,5,1,2,Shili
2023-10-10 09:52:04,160,unknown,resistance,2,1,3,7,Socorro
2023-10-10 09:52:03,161,resistance_soldier,resistance,4,5,1,5,Ojom
2023-10-10 09:52:02,162,tie_silencer,empire,10,9,5,7,Sullust
2023-10-10 09:52:01,163,resistance_soldier,resistance,7,10,1,6,Mirial
2023-10-10 09:52:00,164,unknown,empire,9,1,6,5,Toydaria
2023-10-10 09:51:59,165,at-st,empire,8,4,8,5,Corellia
2023-10-10 09:51:58,166,at-st,resistance,3,7,3,3,Eriadu
2023-10-10 09:51:57,167,stormtrooper,resistance,5,6,7,10,Naboo
2023-10-10 09:51:56,168,at-st,empire,9,2,6,6,Sullust
2023-10-10 09:51:55,169,unknown,empire,4,9,9,9,Kashyyyk
2023-10-10 09:51:54,170,tie_silencer,empire,5,4,2,7,Haruun Kal
2023-10-10 09:51:53,171,at-st,resistance,8,2,2,9,Chandrila
2023-10-10 09:51:52,172,tie_fighter,empire,2,5,3,6,Ojom
2023-10-10 09:51:51,173,unknown,resistance,5,2,9,1,Troiken
2023-10-10 09:51:50,174,stormtrooper,resistance,9,8,9,3,Stewjon
2023-10-10 09:51:49,175,at-at,resistance,8,2,9,5,Dorin
2023-10-10 09:51:48,176,at-st,empire,3,1,5,7,Mon Cala
2023-10-10 09:51:47,177,at-st,resistance,10,10,4,4,Bestine IV
2023-10-10 09:51:46,178,x-wing,resistance,5,5,5,5,Bestine IV
2023-10-10 09:51:45,179,x-wing,resistance,1,6,4,4,Tund
2023-10-10 09:51:44,180,x-wing,resistance,3,10,6,1,Umbara
2023-10-10 09:51:43,181,at-at,resistance,7,4,1,8,Naboo
2023-10-10 09:51:42,182,at-at,empire,1,1,8,7,Serenno
2023-10-10 09:51:41,183,unknown,empire,9,8,6,5,Dagobah
2023-10-10 09:51:40,184,resistance_soldier,empire,8,9,6,3,Vulpter
2023-10-10 09:51:39,185,x-wing,empire,8,10,5,8,Tund
2023-10-10 09:51:38,186,unknown,empire,1,1,5,1,Trandosha
2023-10-10 09:51:37,187,at-st,resistance,5,7,10,4,Glee Anselm
2023-10-10 09:51:36,188,at-at,resistance,3,5,1,5,Sullust
2023-10-10 09:51:35,189,unknown,empire,9,4,2,5,Iktotch
2023-10-10 09:51:34,190,at-st,resistance,4,3,5,1,Dagobah
2023-10-10 09:51:33,191,resistance_soldier,empire,2,2,10,8,Skako
2023-10-10 09:51:32,192,tie_fighter,resistance,5,6,5,9,Malastare
2023-10-10 09:51:31,193,resistance_soldier,empire,6,8,2,10,Aleen Minor
2023-10-10 09:51:30,194,resistance_soldier,resistance,3,6,10,10,Toydaria
2023-10-10 09:51:29,195,at-at,resistance,6,7,1,1,Kalee
2023-10-10 09:51:28,196,tie_fighter,empire,9,9,10,3,Kalee
2023-10-10 09:51:27,197,tie_silencer,resistance,7,2,9,3,Tholoth
2023-10-10 09:51:26,198,at-st,empire,7,4,5,4,Stewjon
2023-10-10 09:51:25,199,at-st,resistance,7,4,1,1,Shili
2023-10-10 09:51:24,200,unknown,resistance,5,9,3,1,Alderaan
2023-10-10 09:51:23,201,tie_fighter,empire,7,3,9,5,Eriadu
2023-10-10 09:51:22,202,stormtrooper,empire,10,8,6,8,Aleen Minor
2023-10-10 09:51:21,203,tie_fighter,resistance,8,1,6,7,Glee Anselm
2023-10-10 09:51:20,204,tie_fighter,empire,8,8,5,7,Chandrila
2023-10-10 09:51:19,205,stormtrooper,resistance,7,10,1,10,Dagobah
2023-10-10 09:51:18,206,x-wing,empire,3,5,6,8,Stewjon
2023-10-10 09:51:17,207,unknown,empire,6,5,5,6,Dagobah
2023-10-10 09:51:16,208,at-at,empire,5,3,10,6,Malastare
2023-10-10 09:51:15,209,tie_silencer,resistance,4,3,6,4,Zolan
2023-10-10 09:51:14,210,resistance_soldier,resistance,9,2,10,4,Ojom
2023-10-10 09:51:13,211,unknown,empire,2,8,10,9,Ojom
2023-10-10 09:51:12,212,tie_silencer,empire,2,2,4,4,Dagobah
2023-10-10 09:51:11,213,resistance_soldier,resistance,8,5,5,1,Mon Cala
2023-10-10 09:51:10,214,at-st,resistance,9,7,7,2,Mirial
2023-10-10 09:51:09,215,resistance_soldier,empire,9,10,4,6,Eriadu
2023-10-10 09:51:08,216,tie_silencer,resistance,7,1,10,3,Shili
2023-10-10 09:51:07,217,at-st,resistance,1,4,10,8,Cerea
2023-10-10 09:51:06,218,unknown,resistance,7,9,9,10,Dathomir
2023-10-10 09:51:05,219,x-wing,resistance,3,10,10,2,Kalee
2023-10-10 09:51:04,220,at-st,resistance,6,4,3,2,Concord Dawn
2023-10-10 09:51:03,221,tie_fighter,empire,7,7,7,2,Tatooine
2023-10-10 09:51:02,222,at-at,resistance,9,3,3,7,Tatooine
2023-10-10 09:51:01,223,x-wing,resistance,4,8,6,9,Serenno
2023-10-10 09:51:00,224,tie_silencer,empire,8,9,6,5,Champala
2023-10-10 09:50:59,225,at-at,resistance,3,6,1,8,Sullust
2023-10-10 09:50:58,226,unknown,resistance,10,3,5,2,Zolan
2023-10-10 09:50:57,227,tie_silencer,empire,3,10,5,7,Tund
2023-10-10 09:50:56,228,at-at,resistance,3,5,4,2,Skako
2023-10-10 09:50:55,229,x-wing,resistance,7,8,9,5,Vulpter
2023-10-10 09:50:54,230,unknown,resistance,5,8,6,6,Vulpter
2023-10-10 09:50:53,231,at-st,resistance,2,4,9,10,Zolan
2023-10-10 09:50:52,232,unknown,resistance,7,5,2,8,Champala
2023-10-10 09:50:51,233,at-at,resistance,1,5,4,2,Skako
2023-10-10 09:50:50,234,tie_fighter,resistance,3,10,6,7,Iktotch
2023-10-10 09:50:49,235,at-st,resistance,10,2,7,10,Muunilinst
2023-10-10 09:50:48,236,unknown,resistance,7,1,6,2,Dathomir
2023-10-10 09:50:47,237,unknown,empire,5,8,9,9,Stewjon
2023-10-10 09:50:46,238,stormtrooper,resistance,4,6,4,1,Dagobah
2023-10-10 09:50:45,239,resistance_soldier,resistance,9,2,10,8,Sullust
2023-10-10 09:50:44,240,tie_fighter,resistance,9,7,4,1,Shili
2023-10-10 09:50:43,241,at-st,empire,2,1,4,6,Dathomir
2023-10-10 09:50:42,242,at-st,resistance,2,10,9,1,Socorro
2023-10-10 09:50:41,243,x-wing,resistance,2,10,6,1,Corellia
2023-10-10 09:50:40,244,stormtrooper,empire,2,4,10,2,Iktotch
2023-10-10 09:50:39,245,at-st,empire,9,1,8,8,Socorro
2023-10-10 09:50:38,246,resistance_soldier,empire,8,4,6,9,Rodia
2023-10-10 09:50:37,247,at-st,resistance,4,5,5,9,Toydaria
2023-10-10 09:50:36,248,stormtrooper,resistance,6,5,3,8,Chandrila
2023-10-10 09:50:35,249,resistance_soldier,resistance,9,9,6,2,Ojom
2023-10-10 09:50:34,250,tie_silencer,empire,1,4,6,7,Chandrila
2023-10-10 09:50:33,251,tie_fighter,empire,4,9,1,2,Cerea
2023-10-10 09:50:32,252,resistance_soldier,empire,1,9,2,5,Stewjon
2023-10-10 09:50:31,253,tie_silencer,empire,8,1,6,5,Socorro
2023-10-10 09:50:30,254,at-st,empire,8,7,1,2,Glee Anselm
2023-10-10 09:50:29,255,unknown,resistance,2,2,9,6,Umbara
2023-10-10 09:50:28,256,tie_fighter,resistance,6,7,8,1,Eriadu
2023-10-10 09:50:27,257,tie_fighter,resistance,9,3,2,2,Dathomir
2023-10-10 09:50:26,258,tie_silencer,resistance,7,5,7,9,Alderaan
2023-10-10 09:50:25,259,tie_fighter,resistance,3,1,7,4,Serenno
2023-10-10 09:50:24,260,tie_fighter,empire,10,9,8,4,Dorin
2023-10-10 09:50:23,261,x-wing,empire,2,6,9,3,Chandrila
2023-10-10 09:50:22,262,stormtrooper,empire,2,5,7,4,Corellia
2023-10-10 09:50:21,263,tie_silencer,resistance,1,10,9,10,Socorro
2023-10-10 09:50:20,264,tie_silencer,resistance,10,9,7,8,Haruun Kal
2023-10-10 09:50:19,265,tie_fighter,empire,3,8,3,5,Dagobah
2023-10-10 09:50:18,266,tie_fighter,resistance,3,2,3,10,Trandosha
2023-10-10 09:50:17,267,at-st,empire,10,2,6,3,Malastare
2023-10-10 09:50:16,268,at-st,resistance,9,6,1,1,Cerea
2023-10-10 09:50:15,269,tie_silencer,empire,7,2,1,1,Vulpter
2023-10-10 09:50:14,270,at-at,resistance,1,8,4,3,Chandrila
2023-10-10 09:50:13,271,at-at,empire,3,10,4,10,Tholoth
2023-10-10 09:50:12,272,unknown,empire,9,1,9,7,Toydaria
2023-10-10 09:50:11,273,resistance_soldier,resistance,5,1,8,1,Alderaan
2023-10-10 09:50:10,274,tie_fighter,resistance,5,3,6,5,Socorro
2023-10-10 09:50:09,275,at-st,resistance,9,9,10,6,Tatooine
2023-10-10 09:50:08,276,at-st,empire,6,5,2,3,Dorin
2023-10-10 09:50:07,277,at-at,resistance,8,9,5,9,Glee Anselm
2023-10-10 09:50:06,278,at-st,resistance,2,8,6,4,Vulpter
2023-10-10 09:50:05,279,unknown,resistance,8,8,5,9,Eriadu
2023-10-10 09:50:04,280,unknown,resistance,4,8,6,7,Socorro
2023-10-10 09:50:03,281,stormtrooper,resistance,6,6,2,10,Chandrila
2023-10-10 09:50:02,282,at-at,resistance,5,3,10,6,Ryloth
2023-10-10 09:50:01,283,x-wing,empire,4,7,4,5,Concord Dawn
2023-10-10 09:50:00,284,resistance_soldier,resistance,4,6,7,6,Troiken
2023-10-10 09:49:59,285,stormtrooper,resistance,5,6,7,5,Socorro
2023-10-10 09:49:58,286,at-at,empire,3,5,2,9,Kashyyyk
2023-10-10 09:49:57,287,tie_fighter,resistance,6,8,2,10,Ojom
2023-10-10 09:49:56,288,resistance_soldier,resistance,4,8,10,7,Ojom
2023-10-10 09:49:55,289,at-at,empire,1,3,1,9,Troiken
2023-10-10 09:49:54,290,at-at,resistance,8,9,4,10,Corellia
2023-10-10 09:49:53,291,stormtrooper,resistance,3,2,2,10,Mon Cala
2023-10-10 09:49:52,292,unknown,empire,2,9,9,9,Ryloth
2023-10-10 09:49:51,293,at-at,resistance,7,10,4,6,Mirial
2023-10-10 09:49:50,294,unknown,empire,3,8,1,7,Ryloth
2023-10-10 09:49:49,295,unknown,resistance,5,9,8,1,Serenno
2023-10-10 09:49:48,296,stormtrooper,empire,1,9,6,6,Umbara
2023-10-10 09:49:47,297,x-wing,resistance,6,3,6,6,Mon Cala
2023-10-10 09:49:46,298,at-st,resistance,3,4,5,4,Quermia
2023-10-10 09:49:45,299,at-at,resistance,1,3,10,3,Dagobah
2023-10-10 09:49:44,300,unknown,resistance,3,2,3,10,Haruun Kal
2023-10-10 09:49:43,301,unknown,resistance,6,3,8,6,Umbara
2023-10-10 09:49:42,302,resistance_soldier,empire,3,10,6,10,Corellia
2023-10-10 09:49:41,303,tie_fighter,empire,2,9,8,4,Sullust
2023-10-10 09:49:40,304,tie_fighter,resistance,1,8,1,3,Ojom
2023-10-10 09:49:39,305,tie_fighter,resistance,9,1,5,4,Ojom
2023-10-10 09:49:38,306,stormtrooper,empire,3,3,6,10,Troiken
2023-10-10 09:49:37,307,stormtrooper,empire,8,8,7,4,Tatooine
2023-10-10 09:49:36,308,unknown,empire,4,9,1,2,Ryloth
2023-10-10 09:49:35,309,unknown,resistance,1,8,1,10,Champala
2023-10-10 09:49:34,310,at-st,resistance,9,10,2,7,Concord Dawn
2023-10-10 09:49:33,311,x-wing,resistance,9,7,5,1,Toydaria
2023-10-10 09:49:32,312,at-at,empire,8,4,3,9,Muunilinst
2023-10-10 09:49:31,313,resistance_soldier,empire,9,2,10,10,Mirial
2023-10-10 09:49:30,314,tie_fighter,empire,9,3,9,4,Concord Dawn
2023-10-10 09:49:29,315,at-st,resistance,1,5,9,9,Chandrila
2023-10-10 09:49:28,316,stormtrooper,empire,10,4,10,9,Kalee
2023-10-10 09:49:27,317,unknown,empire,10,2,9,6,Shili
2023-10-10 09:49:26,318,at-st,resistance,4,7,4,4,Iktotch
2023-10-10 09:49:25,319,tie_fighter,resistance,9,5,4,7,Dathomir
2023-10-10 09:49:24,320,x-wing,resistance,5,10,4,4,Umbara
2023-10-10 09:49:23,321,at-at,empire,2,4,2,3,Iktotch
2023-10-10 09:49:22,322,stormtrooper,resistance,7,9,4,5,Sullust
2023-10-10 09:49:21,323,x-wing,resistance,8,7,7,1,Vulpter
2023-10-10 09:49:20,324,at-st,resistance,9,5,10,8,Tund
2023-10-10 09:49:19,325,tie_silencer,empire,5,5,4,5,Rodia
2023-10-10 09:49:18,326,resistance_soldier,empire,4,2,10,8,Umbara
2023-10-10 09:49:17,327,unknown,resistance,2,8,10,7,Dorin
2023-10-10 09:49:16,328,x-wing,resistance,8,8,6,10,Concord Dawn
2023-10-10 09:49:15,329,x-wing,empire,3,8,5,8,Rodia
2023-10-10 09:49:14,330,at-at,resistance,5,4,8,6,Mirial
2023-10-10 09:49:13,331,stormtrooper,empire,4,5,10,4,Corellia
2023-10-10 09:49:12,332,tie_silencer,empire,7,2,10,8,Bestine IV
2023-10-10 09:49:11,333,tie_fighter,empire,9,6,8,7,Serenno
2023-10-10 09:49:10,334,unknown,empire,1,3,1,3,Alderaan
2023-10-10 09:49:09,335,unknown,empire,6,2,1,4,Cerea
2023-10-10 09:49:08,336,stormtrooper,empire,9,1,7,2,Rodia
2023-10-10 09:49:07,337,tie_fighter,empire,10,8,10,8,Dorin
2023-10-10 09:49:06,338,at-at,empire,9,8,3,10,Glee Anselm
2023-10-10 09:49:05,339,at-st,resistance,8,10,9,8,Ryloth
2023-10-10 09:49:04,340,unknown,resistance,2,10,8,6,Mon Cala
2023-10-10 09:49:03,341,unknown,resistance,7,3,2,7,Mon Cala
2023-10-10 09:49:02,342,tie_silencer,empire,6,6,5,4,Haruun Kal
2023-10-10 09:49:01,343,tie_fighter,empire,8,3,9,2,Stewjon
2023-10-10 09:49:00,344,unknown,empire,6,5,10,1,Concord Dawn
2023-10-10 09:48:59,345,stormtrooper,resistance,2,8,8,3,Sullust
2023-10-10 09:48:58,346,stormtrooper,empire,10,7,5,2,Dagobah
2023-10-10 09:48:57,347,resistance_soldier,resistance,5,10,2,5,Quermia
2023-10-10 09:48:56,348,at-st,empire,2,10,5,7,Troiken
2023-10-10 09:48:55,349,at-at,empire,8,1,6,9,Ojom
2023-10-10 09:48:54,350,resistance_soldier,empire,5,8,9,7,Glee Anselm
2023-10-10 09:48:53,351,tie_silencer,empire,2,6,6,5,Skako
2023-10-10 09:48:52,352,at-at,resistance,7,7,8,6,Shili
2023-10-10 09:48:51,353,x-wing,resistance,4,7,5,2,Chandrila
2023-10-10 09:48:50,354,unknown,resistance,3,6,6,4,Trandosha
2023-10-10 09:48:49,355,tie_silencer,empire,7,4,3,9,Quermia
2023-10-10 09:48:48,356,at-st,resistance,7,10,8,10,Skako
2023-10-10 09:48:47,357,unknown,empire,4,8,1,2,Sullust
2023-10-10 09:48:46,358,stormtrooper,resistance,1,5,4,3,Dorin
2023-10-10 09:48:45,359,stormtrooper,resistance,9,4,2,5,Serenno
2023-10-10 09:48:44,360,at-at,resistance,8,1,8,1,Dorin
2023-10-10 09:48:43,361,unknown,empire,1,9,3,8,Corellia
2023-10-10 09:48:42,362,resistance_soldier,empire,8,8,6,3,Aleen Minor
2023-10-10 09:48:41,363,at-st,empire,6,1,2,2,Mon Cala
2023-10-10 09:48:40,364,stormtrooper,resistance,3,8,10,9,Shili
2023-10-10 09:48:39,365,at-st,resistance,2,10,7,7,Ryloth
2023-10-10 09:48:38,366,unknown,resistance,7,6,7,3,Sullust
2023-10-10 09:48:37,367,at-at,resistance,8,3,3,9,Rodia
2023-10-10 09:48:36,368,x-wing,empire,6,7,9,10,Quermia
2023-10-10 09:48:35,369,at-at,empire,7,3,1,9,Shili
2023-10-10 09:48:34,370,tie_silencer,resistance,5,3,10,7,Mirial
2023-10-10 09:48:33,371,x-wing,resistance,9,3,7,2,Zolan
2023-10-10 09:48:32,372,tie_fighter,empire,8,4,6,3,Haruun Kal
2023-10-10 09:48:31,373,x-wing,resistance,2,10,2,1,Dathomir
2023-10-10 09:48:30,374,tie_fighter,resistance,7,3,2,10,Chandrila
2023-10-10 09:48:29,375,x-wing,empire,10,1,10,9,Mirial
2023-10-10 09:48:28,376,tie_silencer,empire,5,7,1,8,Chandrila
2023-10-10 09:48:27,377,tie_fighter,resistance,8,7,7,4,Corellia
2023-10-10 09:48:26,378,tie_fighter,resistance,1,2,9,5,Rodia
2023-10-10 09:48:25,379,at-st,empire,1,7,4,9,Malastare
2023-10-10 09:48:24,380,at-at,resistance,1,10,6,6,Umbara
2023-10-10 09:48:23,381,tie_silencer,resistance,6,7,5,7,Toydaria
2023-10-10 09:48:22,382,unknown,resistance,4,10,6,7,Vulpter
2023-10-10 09:48:21,383,x-wing,empire,3,4,1,9,Shili
2023-10-10 09:48:20,384,tie_silencer,empire,7,5,4,1,Skako
2023-10-10 09:48:19,385,at-st,resistance,5,5,3,1,Iridonia
2023-10-10 09:48:18,386,at-at,empire,9,10,5,9,Iridonia
2023-10-10 09:48:17,387,tie_silencer,resistance,4,5,9,3,Toydaria
2023-10-10 09:48:16,388,resistance_soldier,empire,2,1,8,1,Muunilinst
2023-10-10 09:48:15,389,stormtrooper,resistance,2,5,5,3,Serenno
2023-10-10 09:48:14,390,resistance_soldier,resistance,3,10,8,6,Muunilinst
2023-10-10 09:48:13,391,unknown,empire,8,7,10,1,Quermia
2023-10-10 09:48:12,392,x-wing,empire,5,7,8,10,Socorro
2023-10-10 09:48:11,393,at-at,empire,2,2,4,10,Skako
2023-10-10 09:48:10,394,at-st,resistance,1,9,10,3,Rodia
2023-10-10 09:48:09,395,x-wing,empire,7,1,6,6,Umbara
2023-10-10 09:48:08,396,stormtrooper,resistance,7,7,6,2,Aleen Minor
2023-10-10 09:48:07,397,at-at,resistance,7,1,4,4,Troiken
2023-10-10 09:48:06,398,tie_fighter,resistance,1,9,2,5,Trandosha
2023-10-10 09:48:05,399,resistance_soldier,empire,3,3,7,8,Trandosha
2023-10-10 09:48:04,400,at-st,empire,1,6,2,10,Haruun Kal
2023-10-10 09:48:03,401,x-wing,empire,10,5,10,4,Malastare
2023-10-10 09:48:02,402,resistance_soldier,resistance,7,10,6,7,Mon Cala
2023-10-10 09:48:01,403,at-at,resistance,4,9,6,4,Tatooine
2023-10-10 09:48:00,404,unknown,empire,10,9,5,10,Quermia
2023-10-10 09:47:59,405,unknown,resistance,1,9,7,1,Dagobah
2023-10-10 09:47:58,406,tie_silencer,resistance,6,5,2,9,Iktotch
2023-10-10 09:47:57,407,tie_fighter,resistance,3,8,9,10,Rodia
2023-10-10 09:47:56,408,unknown,resistance,5,7,2,7,Iktotch
2023-10-10 09:47:55,409,x-wing,resistance,3,1,4,10,Haruun Kal
2023-10-10 09:47:54,410,tie_fighter,empire,4,2,10,3,Champala
2023-10-10 09:47:53,411,at-st,empire,7,1,2,5,Kalee
2023-10-10 09:47:52,412,at-at,empire,3,4,1,10,Concord Dawn
2023-10-10 09:47:51,413,tie_silencer,resistance,4,3,1,6,Mirial
2023-10-10 09:47:50,414,stormtrooper,empire,6,4,8,6,Alderaan
2023-10-10 09:47:49,415,unknown,resistance,3,9,10,1,Malastare
2023-10-10 09:47:48,416,tie_silencer,empire,9,2,2,7,Concord Dawn
2023-10-10 09:47:47,417,stormtrooper,empire,3,9,1,9,Muunilinst
2023-10-10 09:47:46,418,stormtrooper,resistance,10,9,5,6,Malastare
2023-10-10 09:47:45,419,stormtrooper,empire,3,7,6,8,Umbara
2023-10-10 09:47:44,420,tie_silencer,resistance,2,8,1,10,Mon Cala
2023-10-10 09:47:43,421,resistance_soldier,empire,6,7,2,9,Zolan
2023-10-10 09:47:42,422,at-st,empire,3,2,7,9,Skako
2023-10-10 09:47:41,423,tie_silencer,resistance,8,7,3,10,Chandrila
2023-10-10 09:47:40,424,tie_fighter,resistance,2,9,5,6,Tholoth
2023-10-10 09:47:39,425,at-st,empire,3,2,6,2,Iktotch
2023-10-10 09:47:38,426,resistance_soldier,empire,5,7,8,4,Zolan
2023-10-10 09:47:37,427,at-at,empire,8,3,4,10,Iktotch
2023-10-10 09:47:36,428,tie_fighter,resistance,2,4,5,1,Malastare
2023-10-10 09:47:35,429,tie_silencer,empire,5,10,1,7,Stewjon
2023-10-10 09:47:34,430,resistance_soldier,resistance,9,6,7,10,Vulpter
2023-10-10 09:47:33,431,stormtrooper,empire,4,3,10,8,Trandosha
2023-10-10 09:47:32,432,x-wing,resistance,7,2,7,3,Glee Anselm
2023-10-10 09:47:31,433,unknown,resistance,8,9,9,3,Eriadu
2023-10-10 09:47:30,434,unknown,resistance,6,7,8,1,Cerea
2023-10-10 09:47:29,435,x-wing,empire,6,9,3,4,Kalee
2023-10-10 09:47:28,436,tie_silencer,empire,4,3,6,1,Tund
2023-10-10 09:47:27,437,tie_fighter,resistance,10,1,3,6,Kashyyyk
2023-10-10 09:47:26,438,tie_silencer,empire,8,8,6,2,Tholoth
2023-10-10 09:47:25,439,at-st,resistance,3,1,4,5,Stewjon
2023-10-10 09:47:24,440,stormtrooper,resistance,8,2,9,4,Skako
2023-10-10 09:47:23,441,at-at,empire,2,4,9,8,Chandrila
2023-10-10 09:47:22,442,at-st,empire,8,2,6,4,Tholoth
2023-10-10 09:47:21,443,at-at,resistance,7,9,10,2,Skako
2023-10-10 09:47:20,444,x-wing,empire,9,8,9,4,Aleen Minor
2023-10-10 09:47:19,445,at-st,empire,9,3,2,6,Zolan
2023-10-10 09:47:18,446,x-wing,resistance,5,6,10,4,Tatooine
2023-10-10 09:47:17,447,at-st,resistance,7,6,9,4,Kalee
2023-10-10 09:47:16,448,tie_silencer,empire,7,1,7,8,Dorin
2023-10-10 09:47:15,449,at-at,empire,9,1,3,10,Corellia
2023-10-10 09:47:14,450,x-wing,resistance,9,4,5,5,Malastare
2023-10-10 09:47:13,451,at-at,resistance,7,3,1,7,Dorin
2023-10-10 09:47:12,452,stormtrooper,empire,9,9,2,6,Haruun Kal
2023-10-10 09:47:11,453,tie_fighter,empire,8,3,10,3,Tund
2023-10-10 09:47:10,454,unknown,resistance,2,3,10,7,Rodia
2023-10-10 09:47:09,455,x-wing,resistance,1,10,6,1,Sullust
2023-10-10 09:47:08,456,resistance_soldier,resistance,2,5,10,4,Alderaan
2023-10-10 09:47:07,457,stormtrooper,resistance,5,6,6,8,Socorro
2023-10-10 09:47:06,458,unknown,empire,8,5,8,2,Concord Dawn
2023-10-10 09:47:05,459,tie_silencer,empire,9,3,2,5,Kalee
2023-10-10 09:47:04,460,resistance_soldier,resistance,4,1,1,6,Trandosha
2023-10-10 09:47:03,461,resistance_soldier,resistance,10,2,8,4,Iridonia
2023-10-10 09:47:02,462,stormtrooper,resistance,6,3,2,5,Iktotch
2023-10-10 09:47:01,463,tie_fighter,resistance,2,5,6,8,Glee Anselm
2023-10-10 09:47:00,464,x-wing,empire,10,5,8,3,Muunilinst
2023-10-10 09:46:59,465,unknown,resistance,4,1,1,4,Umbara
2023-10-10 09:46:58,466,tie_silencer,resistance,4,9,8,7,Dathomir
2023-10-10 09:46:57,467,tie_fighter,resistance,1,9,9,6,Socorro
2023-10-10 09:46:56,468,at-st,resistance,4,3,5,1,Malastare
2023-10-10 09:46:55,469,stormtrooper,resistance,9,8,2,7,Kashyyyk
2023-10-10 09:46:54,470,at-st,empire,7,6,2,6,Tund
2023-10-10 09:46:53,471,at-at,resistance,5,3,9,9,Glee Anselm
2023-10-10 09:46:52,472,at-at,resistance,9,6,1,1,Dagobah
2023-10-10 09:46:51,473,stormtrooper,empire,5,5,2,8,Vulpter
2023-10-10 09:46:50,474,x-wing,empire,3,9,10,8,Umbara
2023-10-10 09:46:49,475,at-st,empire,7,2,2,2,Tatooine
2023-10-10 09:46:48,476,at-at,resistance,9,1,7,2,Rodia
2023-10-10 09:46:47,477,tie_silencer,empire,4,4,4,7,Muunilinst
2023-10-10 09:46:46,478,tie_fighter,resistance,5,6,1,5,Dagobah
2023-10-10 09:46:45,479,tie_fighter,resistance,5,9,5,2,Malastare
2023-10-10 09:46:44,480,tie_silencer,resistance,6,6,2,9,Bestine IV
2023-10-10 09:46:43,481,tie_silencer,empire,10,7,8,4,Aleen Minor
2023-10-10 09:46:42,482,x-wing,empire,1,7,7,6,Kashyyyk
2023-10-10 09:46:41,483,resistance_soldier,resistance,1,10,3,5,Trandosha
2023-10-10 09:46:40,484,tie_fighter,resistance,3,5,3,10,Chandrila
2023-10-10 09:46:39,485,resistance_soldier,empire,1,6,6,3,Tund
2023-10-10 09:46:38,486,stormtrooper,empire,7,8,6,5,Dathomir
2023-10-10 09:46:37,487,tie_silencer,resistance,1,9,2,4,Sullust
2023-10-10 09:46:36,488,stormtrooper,empire,5,5,1,3,Glee Anselm
2023-10-10 09:46:35,489,unknown,empire,5,7,4,9,Zolan
2023-10-10 09:46:34,490,resistance_soldier,empire,8,8,1,5,Cerea
2023-10-10 09:46:33,491,at-at,resistance,4,5,9,6,Toydaria
2023-10-10 09:46:32,492,resistance_soldier,empire,1,10,7,2,Aleen Minor
2023-10-10 09:46:31,493,stormtrooper,resistance,7,4,10,6,Iridonia
2023-10-10 09:46:30,494,tie_fighter,resistance,10,1,3,4,Muunilinst
2023-10-10 09:46:29,495,x-wing,resistance,5,1,9,6,Tholoth
2023-10-10 09:46:28,496,at-st,empire,8,8,8,1,Sullust
2023-10-10 09:46:27,497,at-at,resistance,9,4,6,2,Mon Cala
2023-10-10 09:46:26,498,tie_silencer,empire,9,2,7,1,Cerea
2023-10-10 09:46:25,499,stormtrooper,resistance,10,2,1,2,Rodia
2023-10-10 09:46:24,500,resistance_soldier,resistance,10,6,1,4,Glee Anselm
2023-10-10 09:46:23,501,tie_silencer,resistance,3,8,2,7,Tatooine
2023-10-10 09:46:22,502,tie_silencer,resistance,10,2,10,7,Malastare
2023-10-10 09:46:21,503,resistance_soldier,empire,9,9,1,1,Socorro
2023-10-10 09:46:20,504,tie_fighter,empire,10,8,7,10,Socorro
2023-10-10 09:46:19,505,at-at,resistance,8,2,8,2,Champala
2023-10-10 09:46:18,506,resistance_soldier,empire,3,10,2,4,Serenno
2023-10-10 09:46:17,507,at-at,resistance,7,2,8,10,Mon Cala
2023-10-10 09:46:16,508,stormtrooper,empire,3,2,7,2,Toydaria
2023-10-10 09:46:15,509,stormtrooper,resistance,1,5,7,6,Tatooine
2023-10-10 09:46:14,510,stormtrooper,resistance,8,7,9,1,Mon Cala
2023-10-10 09:46:13,511,at-at,resistance,10,3,3,6,Vulpter
2023-10-10 09:46:12,512,unknown,resistance,6,9,5,4,Troiken
2023-10-10 09:46:11,513,stormtrooper,resistance,6,5,5,1,Dathomir
2023-10-10 09:46:10,514,unknown,resistance,1,8,4,9,Dorin
2023-10-10 09:46:09,515,tie_silencer,empire,10,10,10,7,Naboo
2023-10-10 09:46:08,516,resistance_soldier,empire,4,5,6,2,Serenno
2023-10-10 09:46:07,517,resistance_soldier,resistance,9,9,8,3,Naboo
2023-10-10 09:46:06,518,at-at,resistance,9,9,6,5,Vulpter
2023-10-10 09:46:05,519,at-at,resistance,3,6,3,4,Umbara
2023-10-10 09:46:04,520,tie_silencer,resistance,9,2,6,5,Malastare
2023-10-10 09:46:03,521,tie_silencer,empire,1,4,9,5,Malastare
2023-10-10 09:46:02,522,at-st,resistance,9,8,1,4,Mon Cala
2023-10-10 09:46:01,523,x-wing,resistance,2,3,4,4,Dagobah
2023-10-10 09:46:00,524,tie_fighter,resistance,7,9,8,7,Tatooine
2023-10-10 09:45:59,525,tie_fighter,empire,10,9,4,6,Iktotch
2023-10-10 09:45:58,526,resistance_soldier,resistance,9,4,5,7,Kalee
2023-10-10 09:45:57,527,resistance_soldier,resistance,6,6,10,8,Kalee
2023-10-10 09:45:56,528,resistance_soldier,resistance,6,8,5,8,Cerea
2023-10-10 09:45:55,529,tie_silencer,resistance,3,8,4,4,Serenno
2023-10-10 09:45:54,530,at-st,resistance,7,7,6,2,Stewjon
2023-10-10 09:45:53,531,resistance_soldier,empire,3,8,1,6,Cerea
2023-10-10 09:45:52,532,tie_silencer,resistance,1,6,1,7,Tatooine
2023-10-10 09:45:51,533,x-wing,empire,7,4,9,9,Tatooine
2023-10-10 09:45:50,534,x-wing,resistance,4,9,1,3,Rodia
2023-10-10 09:45:49,535,unknown,empire,4,7,3,3,Shili
2023-10-10 09:45:48,536,at-at,resistance,4,7,10,2,Trandosha
2023-10-10 09:45:47,537,stormtrooper,empire,1,5,6,9,Concord Dawn
2023-10-10 09:45:46,538,tie_fighter,empire,10,4,8,8,Corellia
2023-10-10 09:45:45,539,stormtrooper,empire,4,1,2,4,Rodia
2023-10-10 09:45:44,540,at-at,empire,2,7,2,4,Bestine IV
2023-10-10 09:45:43,541,stormtrooper,empire,6,1,2,8,Trandosha
2023-10-10 09:45:42,542,resistance_soldier,resistance,1,1,3,7,Umbara
2023-10-10 09:45:41,543,resistance_soldier,empire,3,4,3,9,Tund
2023-10-10 09:45:40,544,tie_silencer,resistance,8,10,2,6,Tatooine
2023-10-10 09:45:39,545,stormtrooper,resistance,7,6,3,3,Shili
2023-10-10 09:45:38,546,at-st,empire,1,9,7,2,Serenno
2023-10-10 09:45:37,547,tie_silencer,empire,4,3,6,9,Haruun Kal
2023-10-10 09:45:36,548,x-wing,empire,7,4,10,3,Aleen Minor
2023-10-10 09:45:35,549,unknown,empire,4,8,4,9,Alderaan
2023-10-10 09:45:34,550,tie_silencer,empire,6,10,1,10,Dagobah
2023-10-10 09:45:33,551,tie_silencer,resistance,8,6,2,10,Corellia
2023-10-10 09:45:32,552,stormtrooper,empire,6,7,1,5,Ryloth
2023-10-10 09:45:31,553,stormtrooper,resistance,3,1,3,2,Eriadu
2023-10-10 09:45:30,554,resistance_soldier,empire,9,4,8,4,Iridonia
2023-10-10 09:45:29,555,unknown,resistance,6,5,10,8,Serenno
2023-10-10 09:45:28,556,resistance_soldier,empire,8,1,5,4,Trandosha
2023-10-10 09:45:27,557,at-at,empire,2,8,6,6,Tund
2023-10-10 09:45:26,558,at-st,empire,9,2,6,4,Alderaan
2023-10-10 09:45:25,559,x-wing,empire,8,9,9,2,Stewjon
2023-10-10 09:45:24,560,x-wing,resistance,7,8,6,1,Toydaria
2023-10-10 09:45:23,561,stormtrooper,resistance,9,9,4,1,Bestine IV
2023-10-10 09:45:22,562,at-st,resistance,2,4,10,5,Kashyyyk
2023-10-10 09:45:21,563,tie_silencer,resistance,5,1,8,1,Tholoth
2023-10-10 09:45:20,564,tie_silencer,empire,10,9,9,2,Socorro
2023-10-10 09:45:19,565,stormtrooper,resistance,10,9,6,7,Champala
2023-10-10 09:45:18,566,stormtrooper,empire,5,6,6,4,Aleen Minor
2023-10-10 09:45:17,567,tie_silencer,empire,1,1,3,2,Trandosha
2023-10-10 09:45:16,568,tie_fighter,resistance,4,9,1,1,Champala
2023-10-10 09:45:15,569,stormtrooper,resistance,9,9,5,7,Bestine IV
2023-10-10 09:45:14,570,tie_fighter,empire,4,7,10,6,Kalee
2023-10-10 09:45:13,571,unknown,resistance,9,10,9,7,Muunilinst
2023-10-10 09:45:12,572,resistance_soldier,empire,1,8,7,8,Shili
2023-10-10 09:45:11,573,at-st,resistance,10,3,5,9,Dagobah
2023-10-10 09:45:10,574,at-st,resistance,10,9,2,4,Aleen Minor
2023-10-10 09:45:09,575,at-at,empire,4,4,4,6,Ryloth
2023-10-10 09:45:08,576,at-at,empire,5,6,7,2,Ryloth
2023-10-10 09:45:07,577,stormtrooper,resistance,6,5,6,8,Toydaria
2023-10-10 09:45:06,578,x-wing,resistance,1,9,2,10,Troiken
2023-10-10 09:45:05,579,x-wing,resistance,6,3,8,2,Toydaria
2023-10-10 09:45:04,580,tie_fighter,empire,2,4,2,9,Mon Cala
2023-10-10 09:45:03,581,x-wing,empire,6,2,9,1,Malastare
2023-10-10 09:45:02,582,x-wing,empire,3,4,7,2,Troiken
2023-10-10 09:45:01,583,at-at,empire,7,2,1,1,Kashyyyk
2023-10-10 09:45:00,584,stormtrooper,empire,3,8,4,4,Trandosha
2023-10-10 09:44:59,585,stormtrooper,empire,8,8,8,3,Glee Anselm
2023-10-10 09:44:58,586,at-st,empire,1,8,9,3,Dorin
2023-10-10 09:44:57,587,stormtrooper,resistance,5,4,5,4,Naboo
2023-10-10 09:44:56,588,resistance_soldier,resistance,3,4,2,7,Iktotch
2023-10-10 09:44:55,589,x-wing,resistance,6,5,5,9,Socorro
2023-10-10 09:44:54,590,unknown,resistance,4,7,9,6,Quermia
2023-10-10 09:44:53,591,tie_silencer,empire,9,3,3,1,Dorin
2023-10-10 09:44:52,592,at-at,resistance,1,5,6,2,Tund
2023-10-10 09:44:51,593,stormtrooper,empire,9,7,7,6,Skako
2023-10-10 09:44:50,594,unknown,empire,10,10,7,3,Mon Cala
2023-10-10 09:44:49,595,at-at,empire,3,6,5,8,Rodia
2023-10-10 09:44:48,596,at-at,empire,1,8,7,4,Toydaria
2023-10-10 09:44:47,597,at-st,empire,2,4,8,7,Naboo
2023-10-10 09:44:46,598,tie_fighter,resistance,8,3,4,3,Skako
2023-10-10 09:44:45,599,tie_fighter,empire,2,1,9,7,Rodia
2023-10-10 09:44:44,600,at-st,empire,9,6,1,1,Mon Cala
2023-10-10 09:44:43,601,unknown,resistance,2,6,5,6,Iridonia
2023-10-10 09:44:42,602,stormtrooper,resistance,3,9,3,6,Rodia
2023-10-10 09:44:41,603,unknown,empire,8,1,5,4,Corellia
2023-10-10 09:44:40,604,tie_fighter,empire,1,5,4,3,Serenno
2023-10-10 09:44:39,605,x-wing,empire,6,10,4,3,Vulpter
2023-10-10 09:44:38,606,tie_fighter,resistance,9,1,5,10,Dagobah
2023-10-10 09:44:37,607,tie_silencer,empire,2,1,10,2,Tund
2023-10-10 09:44:36,608,resistance_soldier,resistance,1,8,7,1,Trandosha
2023-10-10 09:44:35,609,tie_fighter,empire,2,1,10,4,Umbara
2023-10-10 09:44:34,610,tie_silencer,resistance,2,10,6,8,Rodia
2023-10-10 09:44:33,611,unknown,resistance,2,5,10,10,Tund
2023-10-10 09:44:32,612,unknown,resistance,9,9,8,9,Haruun Kal
2023-10-10 09:44:31,613,x-wing,resistance,10,9,6,8,Tatooine
2023-10-10 09:44:30,614,at-st,resistance,7,4,4,6,Tatooine
2023-10-10 09:44:29,615,resistance_soldier,resistance,10,6,1,9,Glee Anselm
2023-10-10 09:44:28,616,at-at,empire,5,5,3,3,Iktotch
2023-10-10 09:44:27,617,at-st,empire,7,2,2,9,Skako
2023-10-10 09:44:26,618,unknown,empire,5,6,4,4,Tund
2023-10-10 09:44:25,619,tie_fighter,empire,10,1,10,2,Trandosha
2023-10-10 09:44:24,620,tie_fighter,empire,10,2,9,3,Dathomir
2023-10-10 09:44:23,621,resistance_soldier,resistance,10,1,9,6,Alderaan
2023-10-10 09:44:22,622,resistance_soldier,empire,1,7,2,1,Muunilinst
2023-10-10 09:44:21,623,stormtrooper,empire,5,10,4,5,Eriadu
2023-10-10 09:44:20,624,at-st,empire,2,6,7,8,Mon Cala
2023-10-10 09:44:19,625,unknown,resistance,6,4,10,3,Umbara
2023-10-10 09:44:18,626,stormtrooper,resistance,10,6,8,8,Cerea
2023-10-10 09:44:17,627,x-wing,resistance,9,5,2,8,Sullust
2023-10-10 09:44:16,628,at-st,resistance,3,7,1,4,Haruun Kal
2023-10-10 09:44:15,629,unknown,empire,7,10,2,1,Bestine IV
2023-10-10 09:44:14,630,tie_silencer,resistance,6,9,4,2,Iktotch
2023-10-10 09:44:13,631,at-st,empire,8,3,9,5,Shili
2023-10-10 09:44:12,632,resistance_soldier,empire,2,5,6,4,Naboo
2023-10-10 09:44:11,633,resistance_soldier,resistance,3,6,5,3,Cerea
2023-10-10 09:44:10,634,tie_silencer,empire,6,1,4,3,Naboo
2023-10-10 09:44:09,635,at-st,resistance,2,1,4,5,Corellia
2023-10-10 09:44:08,636,stormtrooper,empire,3,3,9,5,Iridonia
2023-10-10 09:44:07,637,tie_silencer,resistance,8,8,5,5,Naboo
2023-10-10 09:44:06,638,stormtrooper,empire,8,6,4,6,Kashyyyk
2023-10-10 09:44:05,639,tie_fighter,resistance,6,10,8,5,Zolan
2023-10-10 09:44:04,640,tie_silencer,resistance,1,4,10,10,Skako
2023-10-10 09:44:03,641,tie_fighter,empire,5,9,1,2,Mon Cala
2023-10-10 09:44:02,642,x-wing,empire,2,10,9,1,Champala
2023-10-10 09:44:01,643,stormtrooper,empire,6,2,4,10,Alderaan
2023-10-10 09:44:00,644,tie_silencer,resistance,4,9,8,2,Dagobah
2023-10-10 09:43:59,645,at-st,resistance,5,7,10,1,Toydaria
2023-10-10 09:43:58,646,unknown,resistance,6,7,2,3,Rodia
2023-10-10 09:43:57,647,unknown,empire,6,8,1,7,Bestine IV
2023-10-10 09:43:56,648,tie_silencer,empire,6,9,3,5,Quermia
2023-10-10 09:43:55,649,at-st,empire,9,9,9,7,Dagobah
2023-10-10 09:43:54,650,at-at,resistance,4,2,2,6,Haruun Kal
2023-10-10 09:43:53,651,at-at,empire,9,1,7,8,Dathomir
2023-10-10 09:43:52,652,at-at,resistance,1,7,10,4,Alderaan
2023-10-10 09:43:51,653,tie_fighter,resistance,1,5,5,3,Aleen Minor
2023-10-10 09:43:50,654,resistance_soldier,empire,9,3,8,8,Cerea
2023-10-10 09:43:49,655,at-at,empire,1,2,1,6,Mirial
2023-10-10 09:43:48,656,x-wing,empire,1,3,10,4,Rodia
2023-10-10 09:43:47,657,unknown,resistance,2,8,6,5,Socorro
2023-10-10 09:43:46,658,x-wing,resistance,10,9,5,2,Kashyyyk
2023-10-10 09:43:45,659,stormtrooper,empire,7,1,8,2,Socorro
2023-10-10 09:43:44,660,resistance_soldier,empire,8,5,6,4,Kashyyyk
2023-10-10 09:43:43,661,tie_fighter,empire,5,9,5,2,Muunilinst
2023-10-10 09:43:42,662,stormtrooper,resistance,6,7,5,2,Eriadu
2023-10-10 09:43:41,663,tie_fighter,resistance,9,9,5,7,Dathomir
2023-10-10 09:43:40,664,stormtrooper,resistance,1,10,9,8,Champala
2023-10-10 09:43:39,665,resistance_soldier,resistance,2,9,5,6,Naboo
2023-10-10 09:43:38,666,at-st,resistance,10,1,6,5,Rodia
2023-10-10 09:43:37,667,unknown,empire,7,9,8,10,Sullust
2023-10-10 09:43:36,668,tie_fighter,resistance,4,3,3,3,Stewjon
2023-10-10 09:43:35,669,unknown,empire,3,5,1,10,Tund
2023-10-10 09:43:34,670,unknown,resistance,8,10,2,6,Toydaria
2023-10-10 09:43:33,671,x-wing,resistance,5,2,5,6,Dagobah
2023-10-10 09:43:32,672,stormtrooper,resistance,6,2,4,9,Iridonia
2023-10-10 09:43:31,673,at-st,resistance,8,8,6,10,Cerea
2023-10-10 09:43:30,674,at-at,resistance,5,8,5,5,Iridonia
2023-10-10 09:43:29,675,at-st,empire,1,6,1,2,Socorro
2023-10-10 09:43:28,676,x-wing,empire,6,8,6,1,Bestine IV
2023-10-10 09:43:27,677,at-at,resistance,4,8,2,1,Vulpter
2023-10-10 09:43:26,678,at-st,empire,4,5,9,2,Sullust
2023-10-10 09:43:25,679,resistance_soldier,resistance,3,4,9,10,Iktotch
2023-10-10 09:43:24,680,unknown,empire,4,10,2,1,Eriadu
2023-10-10 09:43:23,681,x-wing,empire,10,3,8,9,Quermia
2023-10-10 09:43:22,682,resistance_soldier,empire,1,1,9,6,Chandrila
2023-10-10 09:43:21,683,tie_silencer,resistance,4,3,2,7,Serenno
2023-10-10 09:43:20,684,at-st,empire,1,5,10,2,Cerea
2023-10-10 09:43:19,685,stormtrooper,empire,6,8,8,1,Shili
2023-10-10 09:43:18,686,at-at,resistance,5,8,1,2,Iktotch
2023-10-10 09:43:17,687,unknown,empire,3,6,1,10,Alderaan
2023-10-10 09:43:16,688,tie_silencer,empire,1,6,10,7,Socorro
2023-10-10 09:43:15,689,tie_silencer,resistance,9,3,6,10,Bestine IV
2023-10-10 09:43:14,690,stormtrooper,resistance,8,10,1,6,Iridonia
2023-10-10 09:43:13,691,tie_fighter,resistance,5,6,5,6,Alderaan
2023-10-10 09:43:12,692,tie_silencer,resistance,6,8,2,2,Eriadu
2023-10-10 09:43:11,693,resistance_soldier,empire,2,3,7,3,Shili
2023-10-10 09:43:10,694,tie_fighter,resistance,7,9,9,8,Chandrila
2023-10-10 09:43:09,695,resistance_soldier,resistance,9,9,4,6,Shili
2023-10-10 09:43:08,696,tie_fighter,empire,4,9,6,8,Haruun Kal
2023-10-10 09:43:07,697,resistance_soldier,resistance,4,9,1,4,Tholoth
2023-10-10 09:43:06,698,resistance_soldier,resistance,1,1,1,2,Tholoth
2023-10-10 09:43:05,699,tie_fighter,empire,8,6,5,1,Muunilinst
2023-10-10 09:43:04,700,unknown,empire,6,7,9,4,Dorin
2023-10-10 09:43:03,701,tie_silencer,resistance,8,5,7,10,Ryloth
2023-10-10 09:43:02,702,tie_fighter,empire,8,4,5,5,Glee Anselm
2023-10-10 09:43:01,703,tie_silencer,empire,7,10,7,7,Umbara
2023-10-10 09:43:00,704,resistance_soldier,resistance,3,9,10,8,Ryloth
2023-10-10 09:42:59,705,at-st,empire,10,7,7,1,Iktotch
2023-10-10 09:42:58,706,at-st,empire,8,1,3,10,Muunilinst
2023-10-10 09:42:57,707,tie_fighter,empire,6,2,6,3,Trandosha
2023-10-10 09:42:56,708,unknown,resistance,5,2,9,4,Eriadu
2023-10-10 09:42:55,709,unknown,resistance,1,1,2,1,Corellia
2023-10-10 09:42:54,710,tie_fighter,empire,2,9,5,5,Tund
2023-10-10 09:42:53,711,resistance_soldier,resistance,4,3,8,10,Muunilinst
2023-10-10 09:42:52,712,unknown,resistance,10,6,2,1,Iktotch
2023-10-10 09:42:51,713,resistance_soldier,resistance,4,8,3,9,Dorin
2023-10-10 09:42:50,714,unknown,resistance,6,6,9,5,Shili
2023-10-10 09:42:49,715,stormtrooper,resistance,4,9,7,4,Kashyyyk
2023-10-10 09:42:48,716,at-st,resistance,6,8,9,6,Malastare
2023-10-10 09:42:47,717,at-at,resistance,7,8,5,9,Corellia
2023-10-10 09:42:46,718,unknown,empire,7,5,7,8,Mon Cala
2023-10-10 09:42:45,719,tie_silencer,empire,6,4,5,1,Alderaan
2023-10-10 09:42:44,720,resistance_soldier,empire,4,6,7,4,Iridonia
2023-10-10 09:42:43,721,x-wing,empire,1,10,1,5,Alderaan
2023-10-10 09:42:42,722,at-at,empire,9,7,4,9,Rodia
2023-10-10 09:42:41,723,unknown,empire,7,9,6,8,Glee Anselm
2023-10-10 09:42:40,724,unknown,empire,6,10,6,1,Iridonia
2023-10-10 09:42:39,725,x-wing,resistance,3,8,9,2,Champala
2023-10-10 09:42:38,726,tie_fighter,resistance,10,3,4,1,Iktotch
2023-10-10 09:42:37,727,at-st,empire,8,7,4,2,Zolan
2023-10-10 09:42:36,728,tie_fighter,resistance,1,9,7,6,Glee Anselm
2023-10-10 09:42:35,729,at-st,empire,7,5,8,5,Socorro
2023-10-10 09:42:34,730,unknown,empire,10,7,6,9,Glee Anselm
2023-10-10 09:42:33,731,tie_silencer,resistance,6,5,3,8,Chandrila
2023-10-10 09:42:32,732,at-st,empire,9,9,4,4,Tund
2023-10-10 09:42:31,733,x-wing,resistance,4,1,3,8,Toydaria
2023-10-10 09:42:30,734,tie_silencer,empire,4,8,1,9,Quermia
2023-10-10 09:42:29,735,stormtrooper,resistance,1,7,5,10,Socorro
2023-10-10 09:42:28,736,stormtrooper,resistance,4,3,2,6,Serenno
2023-10-10 09:42:27,737,tie_silencer,empire,10,6,1,7,Corellia
2023-10-10 09:42:26,738,unknown,empire,6,8,10,10,Toydaria
2023-10-10 09:42:25,739,at-at,empire,1,9,10,2,Rodia
2023-10-10 09:42:24,740,unknown,empire,9,2,2,10,Toydaria
2023-10-10 09:42:23,741,at-st,empire,2,9,7,10,Iktotch
2023-10-10 09:42:22,742,tie_silencer,empire,3,5,7,7,Skako
2023-10-10 09:42:21,743,unknown,resistance,7,3,9,5,Toydaria
2023-10-10 09:42:20,744,resistance_soldier,empire,6,6,2,3,Kashyyyk
2023-10-10 09:42:19,745,tie_fighter,empire,5,3,5,6,Tholoth
2023-10-10 09:42:18,746,stormtrooper,resistance,10,7,1,9,Kashyyyk
2023-10-10 09:42:17,747,resistance_soldier,empire,8,10,7,2,Naboo
2023-10-10 09:42:16,748,unknown,resistance,8,4,4,5,Concord Dawn
2023-10-10 09:42:15,749,at-at,resistance,9,8,10,4,Bestine IV
2023-10-10 09:42:14,750,unknown,resistance,3,4,5,1,Troiken
2023-10-10 09:42:13,751,stormtrooper,empire,10,8,6,1,Dagobah
2023-10-10 09:42:12,752,x-wing,empire,4,7,3,7,Alderaan
2023-10-10 09:42:11,753,unknown,resistance,10,6,8,7,Naboo
2023-10-10 09:42:10,754,tie_silencer,resistance,4,2,1,2,Trandosha
2023-10-10 09:42:09,755,at-st,empire,5,10,10,4,Tatooine
2023-10-10 09:42:08,756,stormtrooper,resistance,5,6,9,1,Tatooine
2023-10-10 09:42:07,757,resistance_soldier,empire,2,2,6,2,Muunilinst
2023-10-10 09:42:06,758,at-st,resistance,6,8,6,7,Alderaan
2023-10-10 09:42:05,759,resistance_soldier,empire,3,1,9,7,Troiken
2023-10-10 09:42:04,760,stormtrooper,empire,5,3,9,8,Tund
2023-10-10 09:42:03,761,at-at,resistance,4,8,4,8,Corellia
2023-10-10 09:42:02,762,tie_fighter,empire,1,9,9,10,Mirial
2023-10-10 09:42:01,763,at-st,resistance,10,1,7,6,Naboo
2023-10-10 09:42:00,764,x-wing,empire,10,4,2,4,Naboo
2023-10-10 09:41:59,765,resistance_soldier,resistance,5,2,4,2,Dagobah
2023-10-10 09:41:58,766,unknown,resistance,3,8,1,3,Zolan
2023-10-10 09:41:57,767,at-st,empire,9,7,10,2,Kashyyyk
2023-10-10 09:41:56,768,x-wing,empire,7,7,6,4,Mon Cala
2023-10-10 09:41:55,769,at-at,empire,5,8,4,10,Troiken
2023-10-10 09:41:54,770,tie_fighter,resistance,10,1,8,6,Iridonia
2023-10-10 09:41:53,771,tie_silencer,empire,10,1,3,6,Tatooine
2023-10-10 09:41:52,772,stormtrooper,resistance,2,1,5,10,Corellia
2023-10-10 09:41:51,773,unknown,resistance,1,3,8,2,Naboo
2023-10-10 09:41:50,774,resistance_soldier,empire,5,3,3,9,Socorro
2023-10-10 09:41:49,775,x-wing,resistance,6,7,1,3,Socorro
2023-10-10 09:41:48,776,unknown,resistance,4,9,2,9,Iridonia
2023-10-10 09:41:47,777,x-wing,empire,10,8,5,7,Iktotch
2023-10-10 09:41:46,778,tie_fighter,resistance,7,9,5,9,Troiken
2023-10-10 09:41:45,779,tie_silencer,empire,6,4,7,8,Naboo
2023-10-10 09:41:44,780,x-wing,empire,1,10,9,2,Dathomir
2023-10-10 09:41:43,781,tie_fighter,resistance,1,3,7,3,Rodia
2023-10-10 09:41:42,782,at-st,resistance,5,4,1,2,Rodia
2023-10-10 09:41:41,783,resistance_soldier,resistance,8,1,4,7,Trandosha
2023-10-10 09:41:40,784,stormtrooper,empire,7,7,2,7,Shili
2023-10-10 09:41:39,785,at-st,empire,3,6,6,2,Stewjon
2023-10-10 09:41:38,786,tie_silencer,resistance,6,9,7,10,Dagobah
2023-10-10 09:41:37,787,stormtrooper,resistance,10,6,2,10,Muunilinst
2023-10-10 09:41:36,788,x-wing,empire,5,9,4,4,Toydaria
2023-10-10 09:41:35,789,unknown,empire,10,7,4,8,Dagobah
2023-10-10 09:41:34,790,tie_silencer,empire,8,9,9,7,Iktotch
2023-10-10 09:41:33,791,x-wing,empire,3,2,1,5,Kashyyyk
2023-10-10 09:41:32,792,at-st,resistance,8,9,9,2,Tatooine
2023-10-10 09:41:31,793,at-at,empire,3,5,6,10,Iktotch
2023-10-10 09:41:30,794,tie_fighter,empire,8,9,6,2,Serenno
2023-10-10 09:41:29,795,stormtrooper,resistance,9,4,8,8,Malastare
2023-10-10 09:41:28,796,at-at,empire,4,6,3,8,Kalee
2023-10-10 09:41:27,797,resistance_soldier,resistance,1,9,3,7,Rodia
2023-10-10 09:41:26,798,tie_fighter,empire,10,4,9,4,Serenno
2023-10-10 09:41:25,799,at-st,resistance,9,4,9,7,Concord Dawn
2023-10-10 09:41:24,800,at-st,resistance,5,6,5,5,Aleen Minor
2023-10-10 09:41:23,801,tie_fighter,resistance,1,5,5,5,Glee Anselm
2023-10-10 09:41:22,802,x-wing,resistance,9,3,2,4,Muunilinst
2023-10-10 09:41:21,803,at-at,empire,7,6,3,7,Umbara
2023-10-10 09:41:20,804,stormtrooper,resistance,10,1,4,6,Stewjon
2023-10-10 09:41:19,805,tie_silencer,empire,10,10,8,10,Socorro
2023-10-10 09:41:18,806,at-st,empire,10,3,4,3,Dorin
2023-10-10 09:41:17,807,at-st,empire,9,6,1,3,Iridonia
2023-10-10 09:41:16,808,tie_fighter,resistance,9,8,10,10,Cerea
2023-10-10 09:41:15,809,stormtrooper,empire,6,8,10,5,Umbara
2023-10-10 09:41:14,810,resistance_soldier,resistance,6,9,5,10,Kashyyyk
2023-10-10 09:41:13,811,resistance_soldier,resistance,1,7,8,4,Naboo
2023-10-10 09:41:12,812,x-wing,empire,7,9,9,3,Stewjon
2023-10-10 09:41:11,813,stormtrooper,empire,9,9,3,3,Naboo
2023-10-10 09:41:10,814,tie_fighter,resistance,2,9,2,10,Dagobah
2023-10-10 09:41:09,815,resistance_soldier,empire,1,7,8,6,Kalee
2023-10-10 09:41:08,816,tie_silencer,resistance,1,7,2,4,Dagobah
2023-10-10 09:41:07,817,unknown,empire,7,2,4,7,Dagobah
2023-10-10 09:41:06,818,x-wing,resistance,4,3,1,7,Vulpter
2023-10-10 09:41:05,819,tie_silencer,empire,7,9,1,9,Skako
2023-10-10 09:41:04,820,at-st,resistance,7,7,2,5,Tund
2023-10-10 09:41:03,821,x-wing,resistance,9,7,5,4,Ojom
2023-10-10 09:41:02,822,x-wing,resistance,4,8,7,4,Haruun Kal
2023-10-10 09:41:01,823,stormtrooper,empire,2,2,1,1,Troiken
2023-10-10 09:41:00,824,tie_fighter,empire,9,2,7,2,Mon Cala
2023-10-10 09:40:59,825,tie_fighter,resistance,7,1,9,3,Muunilinst
2023-10-10 09:40:58,826,x-wing,resistance,5,9,6,9,Kalee
2023-10-10 09:40:57,827,stormtrooper,resistance,4,1,4,2,Aleen Minor
2023-10-10 09:40:56,828,unknown,empire,10,10,10,6,Iridonia
2023-10-10 09:40:55,829,at-at,empire,4,8,3,4,Eriadu
2023-10-10 09:40:54,830,at-st,resistance,8,4,8,1,Stewjon
2023-10-10 09:40:53,831,tie_fighter,resistance,1,1,8,7,Eriadu
2023-10-10 09:40:52,832,at-at,resistance,3,10,6,2,Rodia
2023-10-10 09:40:51,833,resistance_soldier,empire,2,7,3,4,Concord Dawn
2023-10-10 09:40:50,834,at-at,empire,10,7,3,4,Bestine IV
2023-10-10 09:40:49,835,resistance_soldier,resistance,4,5,3,8,Vulpter
2023-10-10 09:40:48,836,x-wing,resistance,1,3,1,6,Cerea
2023-10-10 09:40:47,837,unknown,resistance,2,2,1,4,Vulpter
2023-10-10 09:40:46,838,resistance_soldier,empire,7,9,8,7,Rodia
2023-10-10 09:40:45,839,at-st,empire,6,4,8,1,Shili
2023-10-10 09:40:44,840,at-st,resistance,10,3,9,3,Cerea
2023-10-10 09:40:43,841,stormtrooper,empire,9,10,1,2,Eriadu
2023-10-10 09:40:42,842,stormtrooper,empire,8,2,6,8,Kashyyyk
2023-10-10 09:40:41,843,at-at,resistance,6,1,9,10,Dorin
2023-10-10 09:40:40,844,at-st,resistance,1,8,1,5,Dathomir
2023-10-10 09:40:39,845,resistance_soldier,resistance,8,9,6,4,Kashyyyk
2023-10-10 09:40:38,846,resistance_soldier,empire,1,4,4,6,Skako
2023-10-10 09:40:37,847,stormtrooper,resistance,2,6,10,6,Dathomir
2023-10-10 09:40:36,848,resistance_soldier,empire,7,1,7,10,Iridonia
2023-10-10 09:40:35,849,at-at,empire,10,10,9,2,Aleen Minor
2023-10-10 09:40:34,850,x-wing,resistance,5,3,8,5,Dathomir
2023-10-10 09:40:33,851,x-wing,resistance,8,1,10,5,Corellia
2023-10-10 09:40:32,852,at-at,empire,10,9,3,5,Rodia
2023-10-10 09:40:31,853,stormtrooper,empire,9,3,4,1,Kalee
2023-10-10 09:40:30,854,tie_silencer,empire,9,6,1,6,Bestine IV
2023-10-10 09:40:29,855,tie_silencer,empire,6,1,7,4,Tatooine
2023-10-10 09:40:28,856,resistance_soldier,resistance,10,3,6,4,Tholoth
2023-10-10 09:40:27,857,stormtrooper,resistance,5,5,4,8,Glee Anselm
2023-10-10 09:40:26,858,at-at,empire,6,2,8,2,Troiken
2023-10-10 09:40:25,859,x-wing,resistance,10,9,6,8,Chandrila
2023-10-10 09:40:24,860,stormtrooper,resistance,5,4,5,6,Cerea
2023-10-10 09:40:23,861,tie_fighter,resistance,8,6,4,9,Chandrila
2023-10-10 09:40:22,862,at-at,empire,1,4,3,5,Quermia
2023-10-10 09:40:21,863,tie_silencer,empire,3,9,8,2,Iktotch
2023-10-10 09:40:20,864,tie_silencer,empire,1,2,2,7,Tatooine
2023-10-10 09:40:19,865,x-wing,resistance,7,3,4,3,Naboo
2023-10-10 09:40:18,866,stormtrooper,resistance,3,6,6,3,Stewjon
2023-10-10 09:40:17,867,stormtrooper,resistance,7,5,6,2,Toydaria
2023-10-10 09:40:16,868,resistance_soldier,empire,2,2,1,3,Iridonia
2023-10-10 09:40:15,869,tie_fighter,empire,10,1,6,4,Mon Cala
2023-10-10 09:40:14,870,unknown,resistance,6,6,4,2,Aleen Minor
2023-10-10 09:40:13,871,tie_silencer,empire,5,5,10,3,Chandrila
2023-10-10 09:40:12,872,at-st,resistance,8,8,3,2,Iktotch
2023-10-10 09:40:11,873,at-at,resistance,6,2,4,8,Vulpter
2023-10-10 09:40:10,874,unknown,empire,6,3,6,7,Bestine IV
2023-10-10 09:40:09,875,stormtrooper,empire,4,2,7,4,Serenno
2023-10-10 09:40:08,876,unknown,resistance,9,4,9,10,Ryloth
2023-10-10 09:40:07,877,stormtrooper,resistance,5,2,9,6,Tholoth
2023-10-10 09:40:06,878,unknown,resistance,10,6,3,1,Eriadu
2023-10-10 09:40:05,879,at-st,empire,4,8,10,6,Toydaria
2023-10-10 09:40:04,880,tie_fighter,resistance,3,9,8,1,Corellia
2023-10-10 09:40:03,881,at-at,resistance,3,8,8,5,Muunilinst
2023-10-10 09:40:02,882,resistance_soldier,empire,4,8,2,4,Serenno
2023-10-10 09:40:01,883,x-wing,resistance,8,7,4,4,Tholoth
2023-10-10 09:40:00,884,tie_fighter,empire,9,1,6,4,Vulpter
2023-10-10 09:39:59,885,resistance_soldier,empire,4,3,7,5,Umbara
2023-10-10 09:39:58,886,tie_silencer,empire,4,5,3,10,Mirial
2023-10-10 09:39:57,887,resistance_soldier,resistance,5,4,2,7,Stewjon
2023-10-10 09:39:56,888,at-st,resistance,7,10,9,7,Concord Dawn
2023-10-10 09:39:55,889,resistance_soldier,empire,8,5,7,2,Cerea
2023-10-10 09:39:54,890,tie_silencer,resistance,3,1,2,1,Iktotch
2023-10-10 09:39:53,891,tie_silencer,resistance,5,7,9,7,Iktotch
2023-10-10 09:39:52,892,x-wing,resistance,10,7,7,1,Haruun Kal
2023-10-10 09:39:51,893,stormtrooper,resistance,9,4,9,4,Mon Cala
2023-10-10 09:39:50,894,at-st,resistance,8,10,6,5,Naboo
2023-10-10 09:39:49,895,stormtrooper,resistance,1,2,1,7,Mirial
2023-10-10 09:39:48,896,at-st,resistance,1,8,10,9,Sullust
2023-10-10 09:39:47,897,unknown,empire,8,9,2,7,Iktotch
2023-10-10 09:39:46,898,unknown,empire,2,8,1,6,Chandrila
2023-10-10 09:39:45,899,at-st,resistance,8,7,8,3,Socorro
2023-10-10 09:39:44,900,unknown,resistance,2,9,2,10,Muunilinst
2023-10-10 09:39:43,901,tie_fighter,empire,9,2,8,10,Dorin
2023-10-10 09:39:42,902,tie_fighter,empire,10,3,2,4,Dagobah
2023-10-10 09:39:41,903,unknown,resistance,5,5,5,6,Naboo
2023-10-10 09:39:40,904,at-st,empire,1,2,9,5,Tund
2023-10-10 09:39:39,905,at-st,resistance,7,8,1,2,Muunilinst
2023-10-10 09:39:38,906,stormtrooper,resistance,9,1,9,9,Zolan
2023-10-10 09:39:37,907,tie_silencer,empire,7,7,10,2,Ojom
2023-10-10 09:39:36,908,resistance_soldier,empire,2,6,4,2,Stewjon
2023-10-10 09:39:35,909,resistance_soldier,resistance,2,4,9,3,Skako
2023-10-10 09:39:34,910,stormtrooper,resistance,1,9,8,3,Iktotch
2023-10-10 09:39:33,911,tie_fighter,resistance,10,10,5,4,Chandrila
2023-10-10 09:39:32,912,x-wing,empire,3,9,8,5,Vulpter
2023-10-10 09:39:31,913,at-st,empire,7,8,4,5,Sullust
2023-10-10 09:39:30,914,stormtrooper,resistance,4,10,8,5,Shili
2023-10-10 09:39:29,915,at-at,empire,8,9,6,7,Toydaria
2023-10-10 09:39:28,916,tie_silencer,resistance,4,6,4,6,Concord Dawn
2023-10-10 09:39:27,917,tie_silencer,empire,2,5,5,2,Iridonia
2023-10-10 09:39:26,918,unknown,empire,8,7,1,3,Rodia
2023-10-10 09:39:25,919,at-st,empire,3,1,5,5,Trandosha
2023-10-10 09:39:24,920,tie_fighter,empire,10,4,5,10,Troiken
2023-10-10 09:39:23,921,tie_fighter,empire,10,1,10,8,Naboo
2023-10-10 09:39:22,922,x-wing,empire,4,6,7,6,Socorro
2023-10-10 09:39:21,923,at-st,resistance,5,5,8,7,Umbara
2023-10-10 09:39:20,924,resistance_soldier,resistance,1,4,6,3,Dorin
2023-10-10 09:39:19,925,resistance_soldier,resistance,3,8,9,5,Iridonia
2023-10-10 09:39:18,926,at-st,resistance,5,9,3,6,Serenno
2023-10-10 09:39:17,927,x-wing,empire,6,8,9,5,Ojom
2023-10-10 09:39:16,928,stormtrooper,empire,10,10,8,6,Chandrila
2023-10-10 09:39:15,929,stormtrooper,resistance,1,9,1,3,Corellia
2023-10-10 09:39:14,930,unknown,empire,10,2,4,8,Stewjon
2023-10-10 09:39:13,931,tie_silencer,resistance,5,2,3,5,Iktotch
2023-10-10 09:39:12,932,x-wing,empire,6,6,1,5,Glee Anselm
2023-10-10 09:39:11,933,at-st,resistance,2,9,7,4,Glee Anselm
2023-10-10 09:39:10,934,resistance_soldier,empire,4,8,9,9,Zolan
2023-10-10 09:39:09,935,x-wing,empire,8,3,6,6,Concord Dawn
2023-10-10 09:39:08,936,x-wing,empire,5,9,8,1,Champala
2023-10-10 09:39:07,937,tie_silencer,resistance,4,6,1,3,Quermia
2023-10-10 09:39:06,938,at-st,empire,4,5,9,5,Sullust
2023-10-10 09:39:05,939,resistance_soldier,resistance,8,3,9,2,Mirial
2023-10-10 09:39:04,940,tie_fighter,empire,2,1,2,7,Dathomir
2023-10-10 09:39:03,941,x-wing,empire,7,8,2,8,Rodia
2023-10-10 09:39:02,942,stormtrooper,resistance,6,5,10,4,Dathomir
2023-10-10 09:39:01,943,x-wing,resistance,8,4,3,5,Vulpter
2023-10-10 09:39:00,944,x-wing,empire,6,6,5,1,Eriadu
2023-10-10 09:38:59,945,resistance_soldier,resistance,1,7,3,2,Bestine IV
2023-10-10 09:38:58,946,tie_silencer,empire,2,8,4,4,Champala
2023-10-10 09:38:57,947,at-at,empire,4,2,4,2,Chandrila
2023-10-10 09:38:56,948,tie_silencer,empire,3,9,7,5,Dagobah
2023-10-10 09:38:55,949,stormtrooper,empire,10,2,4,4,Naboo
2023-10-10 09:38:54,950,at-st,resistance,2,2,3,9,Tund
2023-10-10 09:38:53,951,unknown,resistance,4,4,7,8,Ojom
2023-10-10 09:38:52,952,tie_fighter,resistance,6,2,7,5,Rodia
2023-10-10 09:38:51,953,at-at,resistance,9,2,9,7,Mon Cala
2023-10-10 09:38:50,954,tie_fighter,resistance,7,9,6,4,Corellia
2023-10-10 09:38:49,955,at-st,resistance,2,4,3,9,Rodia
2023-10-10 09:38:48,956,unknown,empire,8,6,4,2,Ryloth
2023-10-10 09:38:47,957,at-st,resistance,10,10,3,4,Stewjon
2023-10-10 09:38:46,958,stormtrooper,empire,9,4,9,10,Iktotch
2023-10-10 09:38:45,959,resistance_soldier,resistance,1,8,10,9,Glee Anselm
2023-10-10 09:38:44,960,stormtrooper,resistance,3,8,7,1,Rodia
2023-10-10 09:38:43,961,unknown,resistance,7,8,3,10,Glee Anselm
2023-10-10 09:38:42,962,stormtrooper,resistance,10,5,1,4,Socorro
2023-10-10 09:38:41,963,resistance_soldier,resistance,1,6,1,5,Mirial
2023-10-10 09:38:40,964,tie_silencer,empire,3,3,7,2,Socorro
2023-10-10 09:38:39,965,at-at,resistance,3,4,9,8,Champala
2023-10-10 09:38:38,966,unknown,empire,6,9,8,6,Corellia
2023-10-10 09:38:37,967,at-st,resistance,8,5,1,8,Tholoth
2023-10-10 09:38:36,968,tie_silencer,empire,9,8,10,2,Toydaria
2023-10-10 09:38:35,969,x-wing,empire,5,4,1,5,Shili
2023-10-10 09:38:34,970,at-st,resistance,1,3,3,6,Tatooine
2023-10-10 09:38:33,971,stormtrooper,resistance,1,3,10,4,Iktotch
2023-10-10 09:38:32,972,tie_silencer,resistance,4,10,6,3,Kalee
2023-10-10 09:38:31,973,tie_silencer,resistance,9,3,8,5,Rodia
2023-10-10 09:38:30,974,at-at,resistance,7,5,8,3,Ryloth
2023-10-10 09:38:29,975,x-wing,resistance,4,4,3,9,Concord Dawn
2023-10-10 09:38:28,976,tie_fighter,empire,2,2,9,5,Mirial
2023-10-10 09:38:27,977,tie_fighter,resistance,6,3,5,8,Quermia
2023-10-10 09:38:26,978,tie_fighter,resistance,6,8,5,3,Tund
2023-10-10 09:38:25,979,x-wing,empire,2,5,5,1,Ryloth
2023-10-10 09:38:24,980,tie_silencer,empire,7,8,6,9,Eriadu
2023-10-10 09:38:23,981,tie_fighter,empire,6,4,4,8,Ryloth
2023-10-10 09:38:22,982,resistance_soldier,empire,8,6,9,5,Muunilinst
2023-10-10 09:38:21,983,x-wing,resistance,6,8,1,4,Dagobah
2023-10-10 09:38:20,984,at-at,empire,6,4,2,9,Tholoth
2023-10-10 09:38:19,985,x-wing,empire,1,7,10,2,Trandosha
2023-10-10 09:38:18,986,x-wing,empire,3,9,10,7,Rodia
2023-10-10 09:38:17,987,tie_fighter,empire,3,2,9,8,Mon Cala
2023-10-10 09:38:16,988,tie_fighter,resistance,8,7,4,7,Trandosha
2023-10-10 09:38:15,989,stormtrooper,empire,3,7,6,10,Shili
2023-10-10 09:38:14,990,resistance_soldier,resistance,10,8,10,5,Alderaan
2023-10-10 09:38:13,991,resistance_soldier,empire,5,3,9,4,Sullust
2023-10-10 09:38:12,992,tie_silencer,empire,7,6,5,5,Vulpter
2023-10-10 09:38:11,993,at-at,empire,9,4,6,6,Umbara
2023-10-10 09:38:10,994,tie_fighter,empire,3,7,9,5,Iktotch
2023-10-10 09:38:09,995,at-st,resistance,8,6,10,4,Socorro
2023-10-10 09:38:08,996,tie_silencer,resistance,2,4,9,1,Troiken
2023-10-10 09:38:07,997,tie_silencer,resistance,8,4,9,3,Vulpter
2023-10-10 09:38:06,998,x-wing,resistance,8,1,6,9,Rodia
2023-10-10 09:38:05,999,stormtrooper,resistance,10,5,6,3,Malastare
2023-10-10 09:38:04,1000,stormtrooper,empire,5,8,6,2,Mon Cala
